Date,Treatment,mean_tmt_VWC,se_tmt_VWC
11/5/2020,Control,0.018928571,0.008370919
11/5/2020,Pit,0.065625,0.017376052
11/5/2020,Pit + Char,0.052178571,0.014321429
11/6/2020,Control,0.01765625,0.006256695
11/6/2020,Pit,0.071364583,0.015730913
11/6/2020,Pit + Char,0.0601875,0.011145833
11/7/2020,Control,0.01875,0.005912777
11/7/2020,Pit,0.072645833,0.014857195
11/7/2020,Pit + Char,0.060145833,0.008395833
11/8/2020,Control,0.01334375,0.005251388
11/8/2020,Pit,0.067427083,0.015623448
11/8/2020,Pit + Char,0.059375,0.00575
11/9/2020,Control,0.007708333,0.004958946
11/9/2020,Pit,0.06465625,0.016113416
11/9/2020,Pit + Char,0.0555625,0.008604167
11/10/2020,Control,0.005333333,0.004660431
11/10/2020,Pit,0.063197917,0.01630723
11/10/2020,Pit + Char,0.054166667,0.009166667
11/11/2020,Control,0.00384375,0.004552401
11/11/2020,Pit,0.06215625,0.0164871
11/11/2020,Pit + Char,0.052625,0.01
11/12/2020,Control,0.001604167,0.00429283
11/12/2020,Pit,0.06103125,0.016339297
11/12/2020,Pit + Char,0.050375,0.010916667
11/13/2020,Control,0.003666667,0.00444823
11/13/2020,Pit,0.061697917,0.015757791
11/13/2020,Pit + Char,0.05,0.011375
11/14/2020,Control,0.001958333,0.004398975
11/14/2020,Pit,0.061427083,0.015126859
11/14/2020,Pit + Char,0.047270833,0.0120625
11/15/2020,Control,0,0.004275742
11/15/2020,Pit,0.057989583,0.015570194
11/15/2020,Pit + Char,0.044458333,0.013333333
11/16/2020,Control,0,0.004306621
11/16/2020,Pit,0.057041667,0.015330257
11/16/2020,Pit + Char,0.042729167,0.013479167
11/17/2020,Control,0,0.004367135
11/17/2020,Pit,0.05659375,0.014919066
11/17/2020,Pit + Char,0.041208333,0.013875
11/18/2020,Control,0.002302083,0.00450541
11/18/2020,Pit,0.060322917,0.013450541
11/18/2020,Pit + Char,0.042895833,0.013479167
11/19/2020,Control,0,0.004471667
11/19/2020,Pit,0.058739583,0.0132667
11/19/2020,Pit + Char,0.04,0.013916667
11/20/2020,Control,0,0.004315313
11/20/2020,Pit,0.053614583,0.013859699
11/20/2020,Pit + Char,0.035166667,0.015916667
11/21/2020,Control,0,0.004315816
11/21/2020,Pit,0.053625,0.013162853
11/21/2020,Pit + Char,0.0344375,0.0156875
11/22/2020,Control,0,0.004159243
11/22/2020,Pit,0.048541667,0.013711805
11/22/2020,Pit + Char,0.029583333,0.017291667
11/23/2020,Control,0,0.004257584
11/23/2020,Pit,0.0500625,0.01287096
11/23/2020,Pit + Char,0.030458333,0.016958333
11/24/2020,Control,0.006197917,0.004644397
11/24/2020,Pit,0.057302083,0.009886397
11/24/2020,Pit + Char,0.0418125,0.009520833
11/25/2020,Control,0,0.004759353
11/25/2020,Pit,0.054947917,0.010847032
11/25/2020,Pit + Char,0.037229167,0.012729167
11/26/2020,Control,0,0.004724266
11/26/2020,Pit,0.055458333,0.010629098
11/26/2020,Pit + Char,0.037479167,0.013395833
11/27/2020,Control,0,0.004745928
11/27/2020,Pit,0.05125,0.011246849
11/27/2020,Pit + Char,0.032479167,0.0151875
11/28/2020,Control,0,0.004810967
11/28/2020,Pit,0.050020833,0.011232774
11/28/2020,Pit + Char,0.030354167,0.015895833
11/29/2020,Control,0,0.004732225
11/29/2020,Pit,0.049875,0.01099654
11/29/2020,Pit + Char,0.029875,0.01625
11/30/2020,Control,0,0.004671082
11/30/2020,Pit,0.049822917,0.010742574
11/30/2020,Pit + Char,0.029604167,0.016604167
12/1/2020,Control,0,0.004349641
12/1/2020,Pit,0.049177083,0.01071983
12/1/2020,Pit + Char,0.028875,0.017208333
12/2/2020,Control,0,0.004067287
12/2/2020,Pit,0.047072917,0.010679007
12/2/2020,Pit + Char,0.025958333,0.017958333
12/3/2020,Control,0,0.004095234
12/3/2020,Pit,0.042572917,0.01057698
12/3/2020,Pit + Char,0.019458333,0.017791667
12/4/2020,Control,0,0.004075047
12/4/2020,Pit,0.042895833,0.010327991
12/4/2020,Pit + Char,0.0188125,0.017479167
12/5/2020,Control,0,0.004073663
12/5/2020,Pit,0.044291667,0.010423095
12/5/2020,Pit + Char,0.0208125,0.018145833
12/6/2020,Control,0,0.004027359
12/6/2020,Pit,0.04475,0.010653488
12/6/2020,Pit + Char,0.022729167,0.0190625
12/7/2020,Control,0,0.004142726
12/7/2020,Pit,0.04371875,0.010679481
12/7/2020,Pit + Char,0.020979167,0.019895833
12/8/2020,Control,0,0.004202636
12/8/2020,Pit,0.04403125,0.010598843
12/8/2020,Pit + Char,0.021208333,0.020708333
12/9/2020,Control,0,0.004366808
12/9/2020,Pit,0.043489583,0.010476169
12/9/2020,Pit + Char,0.020854167,0.0211875
12/10/2020,Control,0,0.004147491
12/10/2020,Pit,0.046427083,0.009510706
12/10/2020,Pit + Char,0.027104167,0.018645833
12/11/2020,Control,0,0.005779974
12/11/2020,Pit,0.05596875,0.008527077
12/11/2020,Pit + Char,0.037291667,0.01475
12/12/2020,Control,0,0.006221123
12/12/2020,Pit,0.053260417,0.008710682
12/12/2020,Pit + Char,0.032604167,0.0158125
12/13/2020,Control,0,0.005698897
12/13/2020,Pit,0.054885417,0.009173331
12/13/2020,Pit + Char,0.0346875,0.015854167
12/14/2020,Control,0,0.006025481
12/14/2020,Pit,0.0563125,0.008540489
12/14/2020,Pit + Char,0.036145833,0.0148125
12/15/2020,Control,0,0.005757506
12/15/2020,Pit,0.057895833,0.00854733
12/15/2020,Pit + Char,0.038125,0.014291667
12/16/2020,Control,0,0.00647138
12/16/2020,Pit,0.053770833,0.00868785
12/16/2020,Pit + Char,0.030291667,0.014333333
12/17/2020,Control,0,0.006631275
12/17/2020,Pit,0.050458333,0.00746665
12/17/2020,Pit + Char,0.023895833,0.0128125
12/18/2020,Control,0,0.006316521
12/18/2020,Pit,0.0545625,0.007389962
12/18/2020,Pit + Char,0.030604167,0.011145833
12/19/2020,Control,0,0.006795912
12/19/2020,Pit,0.052802083,0.007449101
12/19/2020,Pit + Char,0.0270625,0.011729167
12/20/2020,Control,0,0.007281389
12/20/2020,Pit,0.049947917,0.00671903
12/20/2020,Pit + Char,0.021958333,0.010833333
12/21/2020,Control,0.002302083,0.011917594
12/21/2020,Pit,0.052208333,0.006402876
12/21/2020,Pit + Char,0.026541667,0.008541667
12/22/2020,Control,0.027385417,0.010972073
12/22/2020,Pit,0.0710625,0.006318433
12/22/2020,Pit + Char,0.051125,0.002208333
12/23/2020,Control,0.011208333,0.006292977
12/23/2020,Pit,0.068427083,0.007686519
12/23/2020,Pit + Char,0.037041667,0.003041667
12/24/2020,Control,0,0.008784736
12/24/2020,Pit,0.052291667,0.006142666
12/24/2020,Pit + Char,0.01325,0.003583333
12/25/2020,Control,0,0.009663329
12/25/2020,Pit,0.0525,0.006140593
12/25/2020,Pit + Char,0.0105625,0.001104167
12/26/2020,Control,0,0.009537881
12/26/2020,Pit,0.058166667,0.006645953
12/26/2020,Pit + Char,0.014416667,0.000708333
12/27/2020,Control,0,0.00977409
12/27/2020,Pit,0.057489583,0.00429087
12/27/2020,Pit + Char,0.012,0.000791667
12/28/2020,Control,0.010604167,0.008998738
12/28/2020,Pit,0.072708333,0.004817413
12/28/2020,Pit + Char,0.028708333,0.00275
12/29/2020,Control,0.023947917,0.00820767
12/29/2020,Pit,0.088677083,0.007413435
12/29/2020,Pit + Char,0.044875,0.007166667
12/30/2020,Control,0,0.009640972
12/30/2020,Pit,0.06584375,0.00489172
12/30/2020,Pit + Char,0.023333333,0.00225
12/31/2020,Control,0,0.010258499
12/31/2020,Pit,0.056177083,0.002785668
12/31/2020,Pit + Char,0.0114375,0.0008125
1/1/2021,Control,0,0.008710435
1/1/2021,Pit,0.05653125,0.00370749
1/1/2021,Pit + Char,0.013333333,0.000708333
1/2/2021,Control,0,0.009528927
1/2/2021,Pit,0.061104167,0.00476959
1/2/2021,Pit + Char,0.016041667,4.17E-05
1/3/2021,Control,0,0.010562041
1/3/2021,Pit,0.059208333,0.003462932
1/3/2021,Pit + Char,0.012166667,0.001041667
1/4/2021,Control,0.00053125,0.009995577
1/4/2021,Pit,0.066135417,0.005200755
1/4/2021,Pit + Char,0.019104167,0.000645833
1/5/2021,Control,0.02046875,0.010308457
1/5/2021,Pit,0.083864583,0.008946494
1/5/2021,Pit + Char,0.035979167,0.004479167
1/6/2021,Control,0.009145833,0.012317763
1/6/2021,Pit,0.079010417,0.009952802
1/6/2021,Pit + Char,0.028833333,0.00275
1/7/2021,Control,0.005135417,0.013334932
1/7/2021,Pit,0.077927083,0.009796695
1/7/2021,Pit + Char,0.025479167,0.000729167
1/8/2021,Control,0,0.015565953
1/8/2021,Pit,0.07125,0.007782767
1/8/2021,Pit + Char,0.017708333,0.002916667
1/9/2021,Control,0,0.014263284
1/9/2021,Pit,0.075104167,0.007305394
1/9/2021,Pit + Char,0.020145833,0.002354167
1/10/2021,Control,0,0.015771649
1/10/2021,Pit,0.07046875,0.006624091
1/10/2021,Pit + Char,0.014458333,0.0035
1/11/2021,Control,0,0.018080016
1/11/2021,Pit,0.061458333,0.006301019
1/11/2021,Pit + Char,0.006916667,0.005041667
1/12/2021,Control,0,0.019200627
1/12/2021,Pit,0.058135417,0.005706619
1/12/2021,Pit + Char,0.003708333,0.005166667
1/13/2021,Control,0,0.01852537
1/13/2021,Pit,0.0628125,0.005699367
1/13/2021,Pit + Char,0.0075625,0.0044375
1/14/2021,Control,0,0.016643607
1/14/2021,Pit,0.074885417,0.007256809
1/14/2021,Pit + Char,0.017041667,0.0015
1/15/2021,Control,0,0.017670698
1/15/2021,Pit,0.0819375,0.009681659
1/15/2021,Pit + Char,0.025354167,0.000604167
1/16/2021,Control,0.0071875,0.018302005
1/16/2021,Pit,0.102791667,0.011209069
1/16/2021,Pit + Char,0.050625,0.0035
1/17/2021,Control,0.004354167,0.018570791
1/17/2021,Pit,0.109125,0.010456258
1/17/2021,Pit + Char,0.0690625,0.004604167
1/18/2021,Control,0.005833333,0.018874249
1/18/2021,Pit,0.115416667,0.011014051
1/18/2021,Pit + Char,0.0761875,0.0061875
1/19/2021,Control,0.008447917,0.018744871
1/19/2021,Pit,0.120260417,0.009209031
1/19/2021,Pit + Char,0.07975,0.0075
1/20/2021,Control,0.012739583,0.018986825
1/20/2021,Pit,0.121875,0.007941536
1/20/2021,Pit + Char,0.080291667,0.007541667
1/21/2021,Control,0.003916667,0.020043081
1/21/2021,Pit,0.11640625,0.0082998
1/21/2021,Pit + Char,0.073291667,0.006166667
1/22/2021,Control,0.00603125,0.019899526
1/22/2021,Pit,0.117145833,0.007080565
1/22/2021,Pit + Char,0.073145833,0.006979167
1/23/2021,Control,0.045447917,0.011574804
1/23/2021,Pit,0.1225625,0.005074517
1/23/2021,Pit + Char,0.086125,0.016125
1/24/2021,Control,0.051291667,0.011119784
1/24/2021,Pit,0.130479167,0.007002697
1/24/2021,Pit + Char,0.092291667,0.016416667
1/25/2021,Control,0.130364583,0.03135023
1/25/2021,Pit,0.166458333,0.01147181
1/25/2021,Pit + Char,0.1385,0.026041667
1/26/2021,Control,0.12684375,0.029416521
1/26/2021,Pit,0.187770833,0.011809646
1/26/2021,Pit + Char,0.149166667,0.029083333
1/27/2021,Control,0.0748125,0.019744421
1/27/2021,Pit,0.187666667,0.009544638
1/27/2021,Pit + Char,0.126520833,0.0245625
1/28/2021,Control,0.093895833,0.020707967
1/28/2021,Pit,0.19046875,0.010789325
1/28/2021,Pit + Char,0.133854167,0.027020833
1/29/2021,Control,0.123375,0.017846406
1/29/2021,Pit,0.210239583,0.008342137
1/29/2021,Pit + Char,0.140291667,0.026416667
1/30/2021,Control,0.11403125,0.020292325
1/30/2021,Pit,0.216,0.004151117
1/30/2021,Pit + Char,0.132520833,0.025270833
1/31/2021,Control,0.0705,0.028188052
1/31/2021,Pit,0.202875,0.003869096
1/31/2021,Pit + Char,0.114104167,0.0198125
2/1/2021,Control,0.06659375,0.029690399
2/1/2021,Pit,0.197895833,0.004042186
2/1/2021,Pit + Char,0.111,0.018583333
2/2/2021,Control,0.068604167,0.028387736
2/2/2021,Pit,0.191875,0.004631033
2/2/2021,Pit + Char,0.1073125,0.0173125
2/3/2021,Control,0.063,0.028746825
2/3/2021,Pit,0.186854167,0.004618317
2/3/2021,Pit + Char,0.101895833,0.014979167
2/4/2021,Control,0.05359375,0.031644214
2/4/2021,Pit,0.184291667,0.004770727
2/4/2021,Pit + Char,0.0976875,0.0148125
2/5/2021,Control,0.029229167,0.036307197
2/5/2021,Pit,0.177572917,0.004430644
2/5/2021,Pit + Char,0.086354167,0.009479167
2/6/2021,Control,0.027489583,0.03637701
2/6/2021,Pit,0.1753125,0.004563102
2/6/2021,Pit + Char,0.085333333,0.009041667
2/7/2021,Control,0.023708333,0.036789697
2/7/2021,Pit,0.172416667,0.004697566
2/7/2021,Pit + Char,0.082625,0.007666667
2/8/2021,Control,0.023260417,0.036543667
2/8/2021,Pit,0.169791667,0.004732821
2/8/2021,Pit + Char,0.080645833,0.006229167
2/9/2021,Control,0.01903125,0.037294713
2/9/2021,Pit,0.16603125,0.004865148
2/9/2021,Pit + Char,0.076666667,0.004333333
2/10/2021,Control,0.019125,0.036715864
2/10/2021,Pit,0.162083333,0.004817052
2/10/2021,Pit + Char,0.075333333,0.006
2/11/2021,Control,0.012770833,0.03832263
2/11/2021,Pit,0.15953125,0.004803981
2/11/2021,Pit + Char,0.072041667,0.004083333
2/12/2021,Control,0.006229167,0.039404444
2/12/2021,Pit,0.155875,0.005110837
2/12/2021,Pit + Char,0.067020833,0.0023125
2/13/2021,Control,0.0048125,0.038406473
2/13/2021,Pit,0.153385417,0.005573358
2/13/2021,Pit + Char,0.0649375,0.003354167
2/14/2021,Control,0.014875,0.034133936
2/14/2021,Pit,0.1495,0.005490996
2/14/2021,Pit + Char,0.066083333,0.004916667
2/15/2021,Control,3.13E-05,0.037445664
2/15/2021,Pit,0.145604167,0.00469712
2/15/2021,Pit + Char,0.0579375,0.000145833
2/16/2021,Control,0.0209375,0.030718444
2/16/2021,Pit,0.146947917,0.005317151
2/16/2021,Pit + Char,0.065770833,0.003770833
2/17/2021,Control,0.013666667,0.032853759
2/17/2021,Pit,0.147927083,0.004704502
2/17/2021,Pit + Char,0.063854167,0.001395833
2/18/2021,Control,0.01153125,0.033202897
2/18/2021,Pit,0.1475625,0.004655259
2/18/2021,Pit + Char,0.063104167,0.002104167
2/19/2021,Control,0.010583333,0.03417146
2/19/2021,Pit,0.146354167,0.004384002
2/19/2021,Pit + Char,0.062458333,4.17E-05
2/20/2021,Control,0.011947917,0.033421764
2/20/2021,Pit,0.14790625,0.004640688
2/20/2021,Pit + Char,0.062916667,0.000416667
2/21/2021,Control,0.0031875,0.036269712
2/21/2021,Pit,0.14628125,0.00485744
2/21/2021,Pit + Char,0.059708333,0.00125
2/22/2021,Control,0.000364583,0.037335489
2/22/2021,Pit,0.145291667,0.004934906
2/22/2021,Pit + Char,0.058270833,0.002020833
2/23/2021,Control,0,0.037539009
2/23/2021,Pit,0.14565625,0.005166789
2/23/2021,Pit + Char,0.058375,0.002375
2/24/2021,Control,0,0.038636343
2/24/2021,Pit,0.144045455,0.00507319
2/24/2021,Pit + Char,0.057090909,0.002590909
3/2/2021,Control,0.0606,0.006375343
3/2/2021,Pit,0.1367,0.009149499
3/2/2021,Pit + Char,0.05965,0.00965
3/3/2021,Control,0.057270833,0.006334989
3/3/2021,Pit,0.134239583,0.009352448
3/3/2021,Pit + Char,0.056666667,0.009583333
3/4/2021,Control,0.055020833,0.006033435
3/4/2021,Pit,0.129770833,0.009151005
3/4/2021,Pit + Char,0.053166667,0.009333333
3/5/2021,Control,0.053458333,0.006123464
3/5/2021,Pit,0.127010417,0.009139945
3/5/2021,Pit + Char,0.05175,0.008958333
3/6/2021,Control,0.05034375,0.006192475
3/6/2021,Pit,0.1234375,0.009163517
3/6/2021,Pit + Char,0.048208333,0.008083333
3/7/2021,Control,0.049510417,0.00629156
3/7/2021,Pit,0.12034375,0.00893685
3/7/2021,Pit + Char,0.047041667,0.006416667
3/8/2021,Control,0.0466875,0.00649921
3/8/2021,Pit,0.116697917,0.008732412
3/8/2021,Pit + Char,0.0439375,0.005520833
3/9/2021,Control,0.043458333,0.006474956
3/9/2021,Pit,0.112864583,0.00874425
3/9/2021,Pit + Char,0.041979167,0.004479167
3/10/2021,Control,0.0405625,0.006822453
3/10/2021,Pit,0.11140625,0.008891911
3/10/2021,Pit + Char,0.042479167,0.003395833
3/11/2021,Control,0.037260417,0.00648945
3/11/2021,Pit,0.10946875,0.008780822
3/11/2021,Pit + Char,0.039166667,0.003166667
3/12/2021,Control,0.041395833,0.005680398
3/12/2021,Pit,0.10990625,0.008362317
3/12/2021,Pit + Char,0.042333333,0.0035
3/13/2021,Control,0.052333333,0.001632727
3/13/2021,Pit,0.113645833,0.007881822
3/13/2021,Pit + Char,0.0503125,0.004520833
3/14/2021,Control,0.143947917,0.025221068
3/14/2021,Pit,0.188697917,0.008761606
3/14/2021,Pit + Char,0.121083333,0.011458333
3/15/2021,Control,0.214197917,0.015211457
3/15/2021,Pit,0.236177083,0.008693691
3/15/2021,Pit + Char,0.181770833,0.0320625
3/16/2021,Control,0.207635417,0.010258062
3/16/2021,Pit,0.221291667,0.008689223
3/16/2021,Pit + Char,0.162145833,0.033520833
3/17/2021,Control,0.194635417,0.010083669
3/17/2021,Pit,0.212979167,0.009230687
3/17/2021,Pit + Char,0.15025,0.033
3/18/2021,Control,0.18484375,0.010818718
3/18/2021,Pit,0.20715625,0.009785361
3/18/2021,Pit + Char,0.141375,0.031958333
3/19/2021,Control,0.174625,0.011503233
3/19/2021,Pit,0.201583333,0.010170238
3/19/2021,Pit + Char,0.133166667,0.0305
3/20/2021,Control,0.163614583,0.012539144
3/20/2021,Pit,0.195947917,0.010448678
3/20/2021,Pit + Char,0.124104167,0.0284375
3/21/2021,Control,0.15671875,0.012973892
3/21/2021,Pit,0.191541667,0.01065486
3/21/2021,Pit + Char,0.117979167,0.027395833
3/22/2021,Control,0.150104167,0.012885923
3/22/2021,Pit,0.187791667,0.011014209
3/22/2021,Pit + Char,0.112208333,0.026125
3/23/2021,Control,0.143791667,0.013091481
3/23/2021,Pit,0.1838125,0.011166699
3/23/2021,Pit + Char,0.106270833,0.0256875
3/24/2021,Control,0.13771875,0.012874409
3/24/2021,Pit,0.179135417,0.011243624
3/24/2021,Pit + Char,0.101041667,0.024
3/25/2021,Control,0.133010417,0.012363682
3/25/2021,Pit,0.174958333,0.011630164
3/25/2021,Pit + Char,0.097020833,0.0230625
3/26/2021,Control,0.131635417,0.011567315
3/26/2021,Pit,0.169802083,0.011144066
3/26/2021,Pit + Char,0.103333333,0.0255
3/27/2021,Control,0.128447917,0.011022144
3/27/2021,Pit,0.17128125,0.011126318
3/27/2021,Pit + Char,0.107104167,0.0294375
3/28/2021,Control,0.124364583,0.010566552
3/28/2021,Pit,0.171510417,0.011234884
3/28/2021,Pit + Char,0.1036875,0.0271875
3/29/2021,Control,0.117510417,0.010517778
3/29/2021,Pit,0.16934375,0.011311309
3/29/2021,Pit + Char,0.098395833,0.024895833
3/30/2021,Control,0.111572917,0.011099057
3/30/2021,Pit,0.166677083,0.011439636
3/30/2021,Pit + Char,0.093,0.02475
3/31/2021,Control,0.1085,0.010975918
3/31/2021,Pit,0.16328125,0.011471538
3/31/2021,Pit + Char,0.089208333,0.024166667
4/1/2021,Control,0.10440625,0.010227637
4/1/2021,Pit,0.15865625,0.011377942
4/1/2021,Pit + Char,0.0849375,0.021854167
4/2/2021,Control,0.099739583,0.009345391
4/2/2021,Pit,0.152552083,0.010915956
4/2/2021,Pit + Char,0.080375,0.019083333
4/3/2021,Control,0.094583333,0.009236649
4/3/2021,Pit,0.147447917,0.010847272
4/3/2021,Pit + Char,0.0750625,0.017729167
4/4/2021,Control,0.089052083,0.00902027
4/4/2021,Pit,0.141666667,0.01080813
4/4/2021,Pit + Char,0.069395833,0.015895833
4/5/2021,Control,0.083197917,0.009114028
4/5/2021,Pit,0.135916667,0.010731924
4/5/2021,Pit + Char,0.063229167,0.0146875
4/6/2021,Control,0.073927083,0.010778002
4/6/2021,Pit,0.130083333,0.011116179
4/6/2021,Pit + Char,0.0556875,0.013645833
4/7/2021,Control,0.069041667,0.012514794
4/7/2021,Pit,0.126114583,0.011068604
4/7/2021,Pit + Char,0.052020833,0.012645833
4/8/2021,Control,0.065708333,0.012245795
4/8/2021,Pit,0.122791667,0.011043959
4/8/2021,Pit + Char,0.048875,0.010916667
4/9/2021,Control,0.06225,0.012066164
4/9/2021,Pit,0.11959375,0.010786925
4/9/2021,Pit + Char,0.047145833,0.0094375
4/10/2021,Control,0.061395833,0.01224209
4/10/2021,Pit,0.120635417,0.010233096
4/10/2021,Pit + Char,0.049770833,0.007854167
4/11/2021,Control,0.05790625,0.011601272
4/11/2021,Pit,0.119364583,0.009644421
4/11/2021,Pit + Char,0.046583333,0.006458333
4/12/2021,Control,0.053677083,0.011316155
4/12/2021,Pit,0.11584375,0.009245719
4/12/2021,Pit + Char,0.0421875,0.005354167
4/13/2021,Control,0.048697917,0.011063688
4/13/2021,Pit,0.111447917,0.00932079
4/13/2021,Pit + Char,0.0366875,0.004520833
4/14/2021,Control,0.048541667,0.010627464
4/14/2021,Pit,0.10915625,0.009002192
4/14/2021,Pit + Char,0.035479167,0.003729167
4/15/2021,Control,0.088197917,0.013948767
4/15/2021,Pit,0.111875,0.009024257
4/15/2021,Pit + Char,0.043354167,0.0051875
4/16/2021,Control,0.126875,0.026756819
4/16/2021,Pit,0.129927083,0.009761173
4/16/2021,Pit + Char,0.064229167,0.0051875
4/17/2021,Control,0.110770833,0.023499978
4/17/2021,Pit,0.134135417,0.010073132
4/17/2021,Pit + Char,0.0618125,0.004395833
4/18/2021,Control,0.100895833,0.020908341
4/18/2021,Pit,0.135125,0.010001548
4/18/2021,Pit + Char,0.060708333,0.003708333
4/19/2021,Control,0.0928125,0.018084969
4/19/2021,Pit,0.135052083,0.00974245
4/19/2021,Pit + Char,0.059166667,0.002791667
4/20/2021,Control,0.083864583,0.016570498
4/20/2021,Pit,0.132645833,0.009728914
4/20/2021,Pit + Char,0.054708333,0.001958333
4/21/2021,Control,0.077885417,0.014811473
4/21/2021,Pit,0.129208333,0.009711954
4/21/2021,Pit + Char,0.051645833,0.001645833
4/22/2021,Control,0.071625,0.013494544
4/22/2021,Pit,0.1263125,0.010142739
4/22/2021,Pit + Char,0.048625,0.001541667
4/23/2021,Control,0.06521875,0.012747405
4/23/2021,Pit,0.12315625,0.01059786
4/23/2021,Pit + Char,0.044645833,0.000729167
4/24/2021,Control,0.059625,0.01203692
4/24/2021,Pit,0.11975,0.01070021
4/24/2021,Pit + Char,0.041104167,0.0001875
4/25/2021,Control,0.055614583,0.010979798
4/25/2021,Pit,0.117260417,0.011028666
4/25/2021,Pit + Char,0.038291667,0.000666667
4/26/2021,Control,0.046947917,0.01079068
4/26/2021,Pit,0.11096875,0.010595812
4/26/2021,Pit + Char,0.0316875,0.0010625
4/27/2021,Control,0.042239583,0.010665722
4/27/2021,Pit,0.104645833,0.010198046
4/27/2021,Pit + Char,0.026291667,0.000875
4/28/2021,Control,0.04365625,0.009673031
4/28/2021,Pit,0.10459375,0.010276549
4/28/2021,Pit + Char,0.027979167,0.001104167
4/29/2021,Control,0.042510417,0.009175854
4/29/2021,Pit,0.102958333,0.00948694
4/29/2021,Pit + Char,0.028270833,0.000854167
4/30/2021,Control,0.0408125,0.008570336
4/30/2021,Pit,0.101479167,0.009305848
4/30/2021,Pit + Char,0.026833333,0.000916667
5/1/2021,Control,0.035770833,0.00837981
5/1/2021,Pit,0.097333333,0.00880303
5/1/2021,Pit + Char,0.022708333,0.000708333
5/2/2021,Control,0.030885417,0.008844682
5/2/2021,Pit,0.092177083,0.00852168
5/2/2021,Pit + Char,0.017854167,0.001020833
5/3/2021,Control,0.02828125,0.008762101
5/3/2021,Pit,0.087958333,0.008319346
5/3/2021,Pit + Char,0.014645833,0.000729167
5/4/2021,Control,0.02784375,0.008653977
5/4/2021,Pit,0.087114583,0.008088672
5/4/2021,Pit + Char,0.015354167,0.0006875
5/5/2021,Control,0.026541667,0.008504203
5/5/2021,Pit,0.085916667,0.007961732
5/5/2021,Pit + Char,0.0140625,0.001020833
5/6/2021,Control,0.026197917,0.008240426
5/6/2021,Pit,0.0845625,0.007722631
5/6/2021,Pit + Char,0.013166667,0.00125
5/7/2021,Control,0.022,0.008389326
5/7/2021,Pit,0.0808125,0.007277059
5/7/2021,Pit + Char,0.009333333,0.001708333
5/8/2021,Control,0.016052083,0.008644743
5/8/2021,Pit,0.0754375,0.006722046
5/8/2021,Pit + Char,0.004541667,0.002125
5/9/2021,Control,0.009416667,0.008579236
5/9/2021,Pit,0.070072917,0.006426476
5/9/2021,Pit + Char,0,0.002145833
5/10/2021,Control,0.005916667,0.008238681
5/10/2021,Pit,0.06675,0.006173209
5/10/2021,Pit + Char,0,0.001979167
5/11/2021,Control,0.00696875,0.007940432
5/11/2021,Pit,0.065395833,0.005674894
5/11/2021,Pit + Char,0,0.002125
5/12/2021,Control,0.007072917,0.007829553
5/12/2021,Pit,0.065458333,0.005700547
5/12/2021,Pit + Char,0,0.002208333
5/13/2021,Control,0.0086875,0.007726639
5/13/2021,Pit,0.065833333,0.005697755
5/13/2021,Pit + Char,0,0.002729167
5/14/2021,Control,0.00740625,0.007726749
5/14/2021,Pit,0.064697917,0.005790877
5/14/2021,Pit + Char,0,0.003083333
5/15/2021,Control,0.004083333,0.00779369
5/15/2021,Pit,0.061489583,0.005502324
5/15/2021,Pit + Char,0,0.003520833
5/16/2021,Control,0.002114583,0.007891194
5/16/2021,Pit,0.059197917,0.005208566
5/16/2021,Pit + Char,0,0.003729167
5/17/2021,Control,0,0.007868225
5/17/2021,Pit,0.05675,0.004904027
5/17/2021,Pit + Char,0,0.00375
5/18/2021,Control,0,0.00778968
5/18/2021,Pit,0.055270833,0.00513449
5/18/2021,Pit + Char,0,0.0036875
5/19/2021,Control,0.000572917,0.007672201
5/19/2021,Pit,0.055385417,0.005002441
5/19/2021,Pit + Char,0,0.003729167
5/20/2021,Control,0,0.007788721
5/20/2021,Pit,0.053375,0.005287591
5/20/2021,Pit + Char,0,0.003916667
5/21/2021,Control,0,0.006754957
5/21/2021,Pit,0.048479167,0.0048686
5/21/2021,Pit + Char,0,0.002833333
5/22/2021,Control,0,0.007199035
5/22/2021,Pit,0.04959375,0.005175602
5/22/2021,Pit + Char,0,0.003041667
5/23/2021,Control,0,0.007458981
5/23/2021,Pit,0.04790625,0.005046181
5/23/2021,Pit + Char,0,0.0029375
5/24/2021,Control,0,0.007488262
5/24/2021,Pit,0.047291667,0.005089307
5/24/2021,Pit + Char,0,0.002770833
5/25/2021,Control,0,0.007341701
5/25/2021,Pit,0.0463875,0.005558491
5/25/2021,Pit + Char,0,0.00285
6/26/2021,Control,0,0.006306632
6/26/2021,Pit,0.037644444,0.006994425
6/26/2021,Pit + Char,0,0.007266667
6/27/2021,Control,0,0.006241623
6/27/2021,Pit,0.031944444,0.006961632
6/27/2021,Pit + Char,0,0.007125
6/28/2021,Control,0,0.006258212
6/28/2021,Pit,0.032194444,0.00701195
6/28/2021,Pit + Char,0,0.007229167
6/29/2021,Control,0,0.006227703
6/29/2021,Pit,0.028597222,0.006934938
6/29/2021,Pit + Char,0,0.007020833
6/30/2021,Control,0,0.006150575
6/30/2021,Pit,0.032319444,0.007057729
6/30/2021,Pit + Char,0,0.007333333
7/1/2021,Control,0,0.006514729
7/1/2021,Pit,0.032583333,0.007056362
7/1/2021,Pit + Char,0,0.007145833
7/2/2021,Control,0,0.006228583
7/2/2021,Pit,0.034180556,0.007127206
7/2/2021,Pit + Char,0,0.007770833
7/3/2021,Control,0,0.007111474
7/3/2021,Pit,0.035430556,0.007231711
7/3/2021,Pit + Char,0,0.008083333
7/4/2021,Control,0,0.006870706
7/4/2021,Pit,0.033805556,0.007175275
7/4/2021,Pit + Char,0,0.008291667
7/5/2021,Control,0,0.006738188
7/5/2021,Pit,0.033458333,0.007173124
7/5/2021,Pit + Char,0,0.008208333
7/6/2021,Control,0,0.006777529
7/6/2021,Pit,0.034486111,0.007335082
7/6/2021,Pit + Char,0,0.008375
7/7/2021,Control,0,0.006792455
7/7/2021,Pit,0.033944444,0.007320077
7/7/2021,Pit + Char,0,0.008854167
7/8/2021,Control,0,0.006540834
7/8/2021,Pit,0.033805556,0.007284335
7/8/2021,Pit + Char,0,0.008895833
7/9/2021,Control,0,0.006713615
7/9/2021,Pit,0.034083333,0.00730776
7/9/2021,Pit + Char,0,0.008833333
7/10/2021,Control,0,0.00708281
7/10/2021,Pit,0.031,0.007252913
7/10/2021,Pit + Char,0,0.009020833
7/11/2021,Control,0,0.006905006
7/11/2021,Pit,0.029111111,0.007291878
7/11/2021,Pit + Char,0,0.0093125
7/12/2021,Control,0,0.006930466
7/12/2021,Pit,0.02975,0.007316782
7/12/2021,Pit + Char,0,0.009270833
7/13/2021,Control,0,0.00667805
7/13/2021,Pit,0.028013889,0.007248896
7/13/2021,Pit + Char,0,0.008979167
7/14/2021,Control,0.038458333,0.011349445
7/14/2021,Pit,0.046916667,0.006877399
7/14/2021,Pit + Char,0.014083333,0.004083333
7/15/2021,Control,0.030291667,0.007911859
7/15/2021,Pit,0.056069444,0.007526355
7/15/2021,Pit + Char,0.0133125,0.0036875
7/16/2021,Control,0.018854167,0.007310264
7/16/2021,Pit,0.056152778,0.007362565
7/16/2021,Pit + Char,0.0053125,0.004520833
7/17/2021,Control,0.009760417,0.00663136
7/17/2021,Pit,0.053472222,0.007533733
7/17/2021,Pit + Char,0,0.0050625
7/18/2021,Control,0,0.006514304
7/18/2021,Pit,0.048638889,0.00750063
7/18/2021,Pit + Char,0,0.005541667
7/19/2021,Control,0,0.006574064
7/19/2021,Pit,0.045513889,0.007386578
7/19/2021,Pit + Char,0,0.006083333
7/20/2021,Control,0,0.006023905
7/20/2021,Pit,0.040902778,0.007373247
7/20/2021,Pit + Char,0,0.006229167
7/21/2021,Control,0,0.0060443
7/21/2021,Pit,0.039208333,0.007399676
7/21/2021,Pit + Char,0,0.0061875
7/22/2021,Control,0,0.006622008
7/22/2021,Pit,0.039083333,0.007301818
7/22/2021,Pit + Char,0,0.006479167
7/23/2021,Control,0,0.006648442
7/23/2021,Pit,0.037986111,0.007362801
7/23/2021,Pit + Char,0,0.00675
7/24/2021,Control,0,0.006105861
7/24/2021,Pit,0.035263889,0.007436706
7/24/2021,Pit + Char,0,0.006083333
7/25/2021,Control,0,0.00421043
7/25/2021,Pit,0.097916667,0.005471094
7/25/2021,Pit + Char,0.034645833,0.001020833
7/26/2021,Control,0.01125,0.007862626
7/26/2021,Pit,0.205805556,0.009816203
7/26/2021,Pit + Char,0.156791667,0.022333333
7/27/2021,Control,0.0074375,0.006868147
7/27/2021,Pit,0.186930556,0.010056275
7/27/2021,Pit + Char,0.1363125,0.019729167
7/28/2021,Control,0.002041667,0.006520645
7/28/2021,Pit,0.180055556,0.010774958
7/28/2021,Pit + Char,0.121583333,0.016041667
7/29/2021,Control,0,0.006195582
7/29/2021,Pit,0.171611111,0.010668656
7/29/2021,Pit + Char,0.108270833,0.0140625
7/30/2021,Control,0,0.006191588
7/30/2021,Pit,0.163486111,0.010609393
7/30/2021,Pit + Char,0.09775,0.012166667
7/31/2021,Control,0,0.005311438
7/31/2021,Pit,0.173555556,0.010903521
7/31/2021,Pit + Char,0.096625,0.008166667
8/1/2021,Control,0.000822917,0.006788734
8/1/2021,Pit,0.213819444,0.008872565
8/1/2021,Pit + Char,0.128020833,0.006354167
8/2/2021,Control,0.018125,0.00586561
8/2/2021,Pit,0.247027778,0.007802997
8/2/2021,Pit + Char,0.177979167,0.014145833
8/3/2021,Control,0.016604167,0.007017783
8/3/2021,Pit,0.238972222,0.010496095
8/3/2021,Pit + Char,0.185354167,0.026395833
8/4/2021,Control,0.006958333,0.006959726
8/4/2021,Pit,0.205305556,0.01012681
8/4/2021,Pit + Char,0.157291667,0.023958333
8/5/2021,Control,0.001635417,0.006602324
8/5/2021,Pit,0.193833333,0.010276164
8/5/2021,Pit + Char,0.141083333,0.020625
8/6/2021,Control,0,0.0066453
8/6/2021,Pit,0.185513889,0.010817412
8/6/2021,Pit + Char,0.1260625,0.0178125
8/7/2021,Control,0,0.006205968
8/7/2021,Pit,0.177888889,0.010798671
8/7/2021,Pit + Char,0.113541667,0.016791667
8/8/2021,Control,0,0.005995498
8/8/2021,Pit,0.170736111,0.010971563
8/8/2021,Pit + Char,0.104208333,0.01475
8/9/2021,Control,0,0.006026859
8/9/2021,Pit,0.163444444,0.010973462
8/9/2021,Pit + Char,0.095333333,0.012583333
8/10/2021,Control,0,0.005746184
8/10/2021,Pit,0.155763889,0.010888171
8/10/2021,Pit + Char,0.086708333,0.010541667
8/11/2021,Control,0,0.005667713
8/11/2021,Pit,0.148152778,0.010675488
8/11/2021,Pit + Char,0.078895833,0.008854167
8/12/2021,Control,0,0.005492011
8/12/2021,Pit,0.141986111,0.010894335
8/12/2021,Pit + Char,0.070895833,0.0073125
8/13/2021,Control,0,0.005583991
8/13/2021,Pit,0.135833333,0.010643883
8/13/2021,Pit + Char,0.065208333,0.005708333
8/14/2021,Control,0,0.005645292
8/14/2021,Pit,0.128541667,0.010609248
8/14/2021,Pit + Char,0.059083333,0.004666667
8/15/2021,Control,0,0.005736104
8/15/2021,Pit,0.120375,0.011269299
8/15/2021,Pit + Char,0.051666667,0.003416667
8/16/2021,Control,0,0.0056395
8/16/2021,Pit,0.111888889,0.012176421
8/16/2021,Pit + Char,0.044395833,0.0020625
8/17/2021,Control,0,0.005593052
8/17/2021,Pit,0.104875,0.012879809
8/17/2021,Pit + Char,0.038625,0.000916667
8/18/2021,Control,0,0.004662293
8/18/2021,Pit,0.099708333,0.011440997
8/18/2021,Pit + Char,0.034916667,0.00075
8/19/2021,Control,0.02128125,0.016522978
8/19/2021,Pit,0.212958333,0.011462979
8/19/2021,Pit + Char,0.139916667,0.004875
8/20/2021,Control,0.04840625,0.02691791
8/20/2021,Pit,0.248263889,0.01008604
8/20/2021,Pit + Char,0.189791667,0.025875
8/21/2021,Control,0.033770833,0.018178406
8/21/2021,Pit,0.209569444,0.008272883
8/21/2021,Pit + Char,0.162479167,0.025270833
8/22/2021,Control,0.028666667,0.015603921
8/22/2021,Pit,0.194875,0.009222588
8/22/2021,Pit + Char,0.149104167,0.0219375
8/23/2021,Control,0.02209375,0.014765405
8/23/2021,Pit,0.186305556,0.009938944
8/23/2021,Pit + Char,0.137354167,0.0186875
8/24/2021,Control,0.014177083,0.013890771
8/24/2021,Pit,0.178777778,0.010538189
8/24/2021,Pit + Char,0.125708333,0.015958333
8/25/2021,Control,0.009020833,0.013186842
8/25/2021,Pit,0.170166667,0.011529049
8/25/2021,Pit + Char,0.115229167,0.014520833
8/26/2021,Control,0.009604167,0.011459324
8/26/2021,Pit,0.159222222,0.011490393
8/26/2021,Pit + Char,0.107354167,0.014104167
8/27/2021,Control,0.0083125,0.011790618
8/27/2021,Pit,0.152416667,0.013003761
8/27/2021,Pit + Char,0.0998125,0.012854167
8/28/2021,Control,0.0040625,0.011882143
8/28/2021,Pit,0.142597222,0.015107836
8/28/2021,Pit + Char,0.089833333,0.011708333
8/29/2021,Control,0,0.011630064
8/29/2021,Pit,0.132180556,0.016846329
8/29/2021,Pit + Char,0.0785,0.010458333
8/30/2021,Control,0,0.011522514
8/30/2021,Pit,0.123486111,0.017453051
8/30/2021,Pit + Char,0.068916667,0.008208333
8/31/2021,Control,0,0.011266076
8/31/2021,Pit,0.115291667,0.017421318
8/31/2021,Pit + Char,0.058541667,0.006125
9/1/2021,Control,0.028635417,0.009615321
9/1/2021,Pit,0.214375,0.016672725
9/1/2021,Pit + Char,0.155416667,0.021875
9/2/2021,Control,0.11396875,0.022342766
9/2/2021,Pit,0.263291667,0.016288008
9/2/2021,Pit + Char,0.2076875,0.0333125
9/3/2021,Control,0.093166667,0.015841454
9/3/2021,Pit,0.223375,0.013945351
9/3/2021,Pit + Char,0.172479167,0.0328125
9/4/2021,Control,0.080395833,0.014446085
9/4/2021,Pit,0.2065,0.012235134
9/4/2021,Pit + Char,0.16,0.030625
9/5/2021,Control,0.06996875,0.014082659
9/5/2021,Pit,0.195652778,0.01197389
9/5/2021,Pit + Char,0.148416667,0.028
9/6/2021,Control,0.061541667,0.013975746
9/6/2021,Pit,0.18575,0.012194128
9/6/2021,Pit + Char,0.136229167,0.0255625
9/7/2021,Control,0.053416667,0.014175191
9/7/2021,Pit,0.175902778,0.013083982
9/7/2021,Pit + Char,0.1233125,0.024020833
9/8/2021,Control,0.046145833,0.014351173
9/8/2021,Pit,0.165375,0.014148416
9/8/2021,Pit + Char,0.110583333,0.022708333
9/9/2021,Control,0.039510417,0.014370605
9/9/2021,Pit,0.153847222,0.014925477
9/9/2021,Pit + Char,0.098354167,0.0210625
9/10/2021,Control,0.034114583,0.014163729
9/10/2021,Pit,0.141361111,0.015229444
9/10/2021,Pit + Char,0.086083333,0.018416667
9/11/2021,Control,0.027979167,0.013707494
9/11/2021,Pit,0.1285,0.014951213
9/11/2021,Pit + Char,0.074875,0.015875
9/12/2021,Control,0.027270833,0.011992143
9/12/2021,Pit,0.118222222,0.013923097
9/12/2021,Pit + Char,0.068916667,0.014375
9/13/2021,Control,0.0218125,0.012843999
9/13/2021,Pit,0.113777778,0.01385917
9/13/2021,Pit + Char,0.061229167,0.0118125
9/14/2021,Control,0.016708333,0.01268754
9/14/2021,Pit,0.106347222,0.012860684
9/14/2021,Pit + Char,0.051875,0.009291667
9/15/2021,Control,0.011052083,0.012384377
9/15/2021,Pit,0.099569444,0.011802197
9/15/2021,Pit + Char,0.043854167,0.0078125
9/16/2021,Control,0.006208333,0.01235943
9/16/2021,Pit,0.093902778,0.010478161
9/16/2021,Pit + Char,0.037541667,0.006208333
9/17/2021,Control,0.001541667,0.011989844
9/17/2021,Pit,0.089236111,0.009367662
9/17/2021,Pit + Char,0.031583333,0.004666667
9/18/2021,Control,0.003572917,0.009262885
9/18/2021,Pit,0.088958333,0.012302632
9/18/2021,Pit + Char,0.033,0.003291667
9/19/2021,Control,0.010677083,0.007079541
9/19/2021,Pit,0.102083333,0.02193377
9/19/2021,Pit + Char,0.051520833,0.0003125
9/20/2021,Control,0,0.009543759
9/20/2021,Pit,0.101361111,0.020638426
9/20/2021,Pit + Char,0.048416667,0.002333333
9/21/2021,Control,0,0.009717323
9/21/2021,Pit,0.099111111,0.019721445
9/21/2021,Pit + Char,0.044479167,0.0024375
9/22/2021,Control,0,0.009863896
9/22/2021,Pit,0.097319444,0.018114705
9/22/2021,Pit + Char,0.04175,0.002708333
9/23/2021,Control,0,0.010152946
9/23/2021,Pit,0.094416667,0.016354914
9/23/2021,Pit + Char,0.037604167,0.002354167
9/24/2021,Control,0,0.010110377
9/24/2021,Pit,0.091236111,0.014715676
9/24/2021,Pit + Char,0.033520833,0.002354167
9/25/2021,Control,0,0.009928016
9/25/2021,Pit,0.088208333,0.012938445
9/25/2021,Pit + Char,0.030104167,0.0024375
9/26/2021,Control,0,0.009939669
9/26/2021,Pit,0.085416667,0.011000237
9/26/2021,Pit + Char,0.028125,0.001958333
9/27/2021,Control,0,0.009708363
9/27/2021,Pit,0.082180556,0.010014929
9/27/2021,Pit + Char,0.024875,0.001958333
9/28/2021,Control,0,0.009623625
9/28/2021,Pit,0.079555556,0.00922837
9/28/2021,Pit + Char,0.022666667,0.001625
9/29/2021,Control,0.0061875,0.004575261
9/29/2021,Pit,0.180125,0.027835672
9/29/2021,Pit + Char,0.115729167,0.024020833
9/30/2021,Control,0.008458333,0.004217845
9/30/2021,Pit,0.249,0.015329389
9/30/2021,Pit + Char,0.187354167,0.030354167
10/1/2021,Control,0.020625,0.003036573
10/1/2021,Pit,0.243430556,0.008786344
10/1/2021,Pit + Char,0.191916667,0.025333333
10/2/2021,Control,0.01496875,0.005559062
10/2/2021,Pit,0.217472222,0.008139422
10/2/2021,Pit + Char,0.1688125,0.030104167
10/3/2021,Control,0.01134375,0.007361459
10/3/2021,Pit,0.200680556,0.009317581
10/3/2021,Pit + Char,0.156458333,0.030791667
10/4/2021,Control,0.00821875,0.007981195
10/4/2021,Pit,0.188430556,0.011241286
10/4/2021,Pit + Char,0.143416667,0.029375
10/5/2021,Control,0.002541667,0.00770039
10/5/2021,Pit,0.179138889,0.013540712
10/5/2021,Pit + Char,0.130875,0.027875
10/6/2021,Control,0.01684375,0.003327181
10/6/2021,Pit,0.231083333,0.023463328
10/6/2021,Pit + Char,0.186875,0.027333333
10/7/2021,Control,0.008020833,0.006386688
10/7/2021,Pit,0.216097222,0.015253307
10/7/2021,Pit + Char,0.1703125,0.031354167
10/8/2021,Control,0.0019375,0.007380344
10/8/2021,Pit,0.20225,0.014258607
10/8/2021,Pit + Char,0.157916667,0.031625
10/9/2021,Control,0.001520833,0.006936395
10/9/2021,Pit,0.193152778,0.014552394
10/9/2021,Pit + Char,0.147916667,0.031125
10/10/2021,Control,0,0.007595464
10/10/2021,Pit,0.185180556,0.015533609
10/10/2021,Pit + Char,0.138,0.031041667
10/11/2021,Control,0,0.007934326
10/11/2021,Pit,0.177875,0.016661787
10/11/2021,Pit + Char,0.127104167,0.029645833
10/12/2021,Control,0.002083333,0.003311386
10/12/2021,Pit,0.180097222,0.017789769
10/12/2021,Pit + Char,0.1540625,0.023604167
10/13/2021,Control,0.005364583,0.003351702
10/13/2021,Pit,0.193875,0.013906579
10/13/2021,Pit + Char,0.176541667,0.025583333
10/14/2021,Control,0,0.006487223
10/14/2021,Pit,0.191861111,0.01089715
10/14/2021,Pit + Char,0.164625,0.027666667
10/15/2021,Control,0,0.007176358
10/15/2021,Pit,0.187291667,0.010174974
10/15/2021,Pit + Char,0.155541667,0.028416667
10/16/2021,Control,0,0.007261933
10/16/2021,Pit,0.182944444,0.009967579
10/16/2021,Pit + Char,0.146708333,0.02775
10/17/2021,Control,0,0.007339277
10/17/2021,Pit,0.177986111,0.0101774
10/17/2021,Pit + Char,0.137520833,0.026229167
10/18/2021,Control,0,0.006826711
10/18/2021,Pit,0.175472222,0.010836787
10/18/2021,Pit + Char,0.129291667,0.022875
10/19/2021,Control,0,0.005182446
10/19/2021,Pit,0.210333333,0.019046741
10/19/2021,Pit + Char,0.1804375,0.019479167
10/20/2021,Control,0,0.006657524
10/20/2021,Pit,0.203375,0.011303576
10/20/2021,Pit + Char,0.1679375,0.0263125
10/21/2021,Control,0,0.006969033
10/21/2021,Pit,0.195972222,0.010237072
10/21/2021,Pit + Char,0.158145833,0.027604167
10/22/2021,Control,0,0.00712636
10/22/2021,Pit,0.190055556,0.010235828
10/22/2021,Pit + Char,0.1489375,0.0274375
10/23/2021,Control,0,0.007563782
10/23/2021,Pit,0.184527778,0.010717904
10/23/2021,Pit + Char,0.139125,0.026333333
10/24/2021,Control,0,0.007354068
10/24/2021,Pit,0.179027778,0.011221887
10/24/2021,Pit + Char,0.130791667,0.02525
10/25/2021,Control,0,0.007679837
10/25/2021,Pit,0.172583333,0.011948699
10/25/2021,Pit + Char,0.120479167,0.0230625
10/26/2021,Control,0.035947917,0.013511937
10/26/2021,Pit,0.235986111,0.01682015
10/26/2021,Pit + Char,0.193979167,0.026479167
10/27/2021,Control,0.03621875,0.014397098
10/27/2021,Pit,0.244125,0.00883009
10/27/2021,Pit + Char,0.1905,0.027708333
10/28/2021,Control,0.030770833,0.011012796
10/28/2021,Pit,0.225097222,0.006935647
10/28/2021,Pit + Char,0.1768125,0.029895833
10/29/2021,Control,0.026791667,0.009254394
10/29/2021,Pit,0.214013889,0.007095999
10/29/2021,Pit + Char,0.168270833,0.030354167
10/30/2021,Control,0.022947917,0.008471637
10/30/2021,Pit,0.206430556,0.007773163
10/30/2021,Pit + Char,0.161270833,0.030145833
10/31/2021,Control,0.0195,0.007942647
10/31/2021,Pit,0.200388889,0.008595943
10/31/2021,Pit + Char,0.1545625,0.0298125
11/1/2021,Control,0.015666667,0.007374667
11/1/2021,Pit,0.195402778,0.009264264
11/1/2021,Pit + Char,0.147270833,0.030270833
11/2/2021,Control,0.012916667,0.007088887
11/2/2021,Pit,0.190777778,0.009790169
11/2/2021,Pit + Char,0.139145833,0.031270833
11/3/2021,Control,0.004916667,0.006746334
11/3/2021,Pit,0.187444444,0.010339613
11/3/2021,Pit + Char,0.134416667,0.031083333
11/4/2021,Control,0.002395833,0.006640846
11/4/2021,Pit,0.184069444,0.010615446
11/4/2021,Pit + Char,0.12925,0.030375
11/5/2021,Control,0,0.006716919
11/5/2021,Pit,0.180972222,0.010915456
11/5/2021,Pit + Char,0.124145833,0.029645833
11/6/2021,Control,0,0.006788947
11/6/2021,Pit,0.177625,0.011074271
11/6/2021,Pit + Char,0.118791667,0.02875
11/7/2021,Control,0,0.00721036
11/7/2021,Pit,0.174333333,0.011140517
11/7/2021,Pit + Char,0.112604167,0.0273125
11/8/2021,Control,0,0.007007576
11/8/2021,Pit,0.172,0.011463313
11/8/2021,Pit + Char,0.10834375,0.02690625
11/21/2021,Control,0,0.006939335
11/21/2021,Pit,0.148875,0.01062244
11/21/2021,Pit + Char,0.069291667,0.018708333
11/22/2021,Control,0,0.006789771
11/22/2021,Pit,0.14865625,0.011085374
11/22/2021,Pit + Char,0.0678125,0.017895833
11/23/2021,Control,0,0.007002632
11/23/2021,Pit,0.145958333,0.010774694
11/23/2021,Pit + Char,0.065770833,0.016520833
11/24/2021,Control,0,0.006888581
11/24/2021,Pit,0.144458333,0.010652755
11/24/2021,Pit + Char,0.064604167,0.015895833
11/25/2021,Control,0,0.006857891
11/25/2021,Pit,0.143854167,0.01073034
11/25/2021,Pit + Char,0.061645833,0.015729167
11/26/2021,Control,0,0.006870398
11/26/2021,Pit,0.1423125,0.010640817
11/26/2021,Pit + Char,0.0605625,0.015145833
11/27/2021,Control,0,0.006907593
11/27/2021,Pit,0.14078125,0.010631539
11/27/2021,Pit + Char,0.059541667,0.014541667
11/28/2021,Control,0,0.006929383
11/28/2021,Pit,0.139104167,0.010302829
11/28/2021,Pit + Char,0.058625,0.013625
11/29/2021,Control,0,0.006940208
11/29/2021,Pit,0.1376875,0.010233564
11/29/2021,Pit + Char,0.057604167,0.0130625
11/30/2021,Control,0,0.007011634
11/30/2021,Pit,0.1360625,0.010145163
11/30/2021,Pit + Char,0.056145833,0.0126875
12/1/2021,Control,0,0.007040174
12/1/2021,Pit,0.134864583,0.010033831
12/1/2021,Pit + Char,0.0544375,0.012270833
12/2/2021,Control,0,0.007010306
12/2/2021,Pit,0.13315625,0.009828953
12/2/2021,Pit + Char,0.05325,0.012
12/3/2021,Control,0,0.006970992
12/3/2021,Pit,0.131802083,0.009725759
12/3/2021,Pit + Char,0.051833333,0.011583333
12/4/2021,Control,0,0.006944834
12/4/2021,Pit,0.130395833,0.00958722
12/4/2021,Pit + Char,0.0505625,0.011104167
12/5/2021,Control,0,0.006930917
12/5/2021,Pit,0.129104167,0.009541113
12/5/2021,Pit + Char,0.049145833,0.010895833
12/6/2021,Control,0,0.007070607
12/6/2021,Pit,0.1274375,0.00926323
12/6/2021,Pit + Char,0.047,0.010791667
12/7/2021,Control,0.01421875,0.005952318
12/7/2021,Pit,0.12278125,0.008109411
12/7/2021,Pit + Char,0.060395833,0.0145625
12/8/2021,Control,0.009416667,0.007600332
12/8/2021,Pit,0.12225,0.008433169
12/8/2021,Pit + Char,0.061729167,0.016229167
12/9/2021,Control,0.032291667,0.011750086
12/9/2021,Pit,0.15575,0.010605824
12/9/2021,Pit + Char,0.112604167,0.022854167
12/10/2021,Control,0.131145833,0.035021036
12/10/2021,Pit,0.256395833,0.004997641
12/10/2021,Pit + Char,0.209479167,0.020270833
12/11/2021,Control,0.0460625,0.018532461
12/11/2021,Pit,0.221020833,0.005807844
12/11/2021,Pit + Char,0.145791667,0.012208333
12/12/2021,Control,0.0325625,0.015292277
12/12/2021,Pit,0.205958333,0.007471164
12/12/2021,Pit + Char,0.119541667,0.007708333
12/13/2021,Control,0.0360625,0.015391971
12/13/2021,Pit,0.198354167,0.008622257
12/13/2021,Pit + Char,0.111104167,0.0086875
12/14/2021,Control,0.069822917,0.019192181
12/14/2021,Pit,0.196645833,0.010180525
12/14/2021,Pit + Char,0.128958333,0.023541667
12/15/2021,Control,0.092958333,0.020708361
12/15/2021,Pit,0.195729167,0.008633224
12/15/2021,Pit + Char,0.135270833,0.0168125
12/16/2021,Control,0.040364583,0.016844815
12/16/2021,Pit,0.190239583,0.007284607
12/16/2021,Pit + Char,0.111583333,0.008291667
12/17/2021,Control,0.025895833,0.016185963
12/17/2021,Pit,0.184385417,0.007247632
12/17/2021,Pit + Char,0.096645833,0.0060625
12/18/2021,Control,0,0.014918441
12/18/2021,Pit,0.172375,0.006401859
12/18/2021,Pit + Char,0.057833333,0.009583333
12/19/2021,Control,0,0.015339459
12/19/2021,Pit,0.1576875,0.005250289
12/19/2021,Pit + Char,0.032708333,0.016875
12/20/2021,Control,0,0.01675724
12/20/2021,Pit,0.147416667,0.003815326
12/20/2021,Pit + Char,0.022729167,0.016354167
12/21/2021,Control,0,0.018024036
12/21/2021,Pit,0.144760417,0.003048479
12/21/2021,Pit + Char,0.023416667,0.012916667
12/22/2021,Control,0,0.019733433
12/22/2021,Pit,0.142895833,0.003034071
12/22/2021,Pit + Char,0.022729167,0.006979167
12/23/2021,Control,0.006416667,0.020072301
12/23/2021,Pit,0.15471875,0.006555571
12/23/2021,Pit + Char,0.05925,0.006125
12/24/2021,Control,0.02009375,0.02158599
12/24/2021,Pit,0.15984375,0.010974064
12/24/2021,Pit + Char,0.088604167,0.021104167
12/25/2021,Control,0.01140625,0.022663892
12/25/2021,Pit,0.160197917,0.010912456
12/25/2021,Pit + Char,0.083416667,0.018958333
12/26/2021,Control,0.003708333,0.024226895
12/26/2021,Pit,0.159354167,0.010499401
12/26/2021,Pit + Char,0.076375,0.01675
12/27/2021,Control,0,0.025186063
12/27/2021,Pit,0.1585,0.009690031
12/27/2021,Pit + Char,0.0715625,0.015604167
12/28/2021,Control,0,0.0260303
12/28/2021,Pit,0.156458333,0.009214208
12/28/2021,Pit + Char,0.067041667,0.014083333
12/29/2021,Control,0,0.026577994
12/29/2021,Pit,0.154729167,0.009057821
12/29/2021,Pit + Char,0.063708333,0.012625
12/30/2021,Control,0,0.02729998
12/30/2021,Pit,0.1524375,0.009383322
12/30/2021,Pit + Char,0.05975,0.010583333
12/31/2021,Control,0,0.025685826
12/31/2021,Pit,0.148708333,0.009833613
12/31/2021,Pit + Char,0.058375,0.009916667
1/1/2022,Control,0.014885417,0.013482761
1/1/2022,Pit,0.14921875,0.008569051
1/1/2022,Pit + Char,0.064416667,0.01225
1/2/2022,Control,0.012958333,0.012997273
1/2/2022,Pit,0.150666667,0.009342645
1/2/2022,Pit + Char,0.047708333,0.010625
1/3/2022,Control,0,0.02301659
1/3/2022,Pit,0.14665625,0.009662256
1/3/2022,Pit + Char,0.03,0.014375
1/4/2022,Control,0,0.024267549
1/4/2022,Pit,0.144395833,0.009989267
1/4/2022,Pit + Char,0.029625,0.015208333
1/5/2022,Control,0,0.015665642
1/5/2022,Pit,0.142479167,0.010305315
1/5/2022,Pit + Char,0.051979167,0.033020833
1/6/2022,Control,0.043614583,0.001554877
1/6/2022,Pit,0.153364583,0.008862021
1/6/2022,Pit + Char,0.109479167,0.0351875
1/7/2022,Control,0.122989583,0.016752568
1/7/2022,Pit,0.185135417,0.010829465
1/7/2022,Pit + Char,0.130479167,0.0161875
1/8/2022,Control,0.14559375,0.026265
1/8/2022,Pit,0.187114583,0.011707201
1/8/2022,Pit + Char,0.118916667,0.013416667
1/9/2022,Control,0.07965625,0.042512955
1/9/2022,Pit,0.1781875,0.012728291
1/9/2022,Pit + Char,0.098479167,0.006645833
1/10/2022,Control,0.038395833,0.049261145
1/10/2022,Pit,0.167729167,0.012551866
1/10/2022,Pit + Char,0.077291667,0.004125
1/11/2022,Control,0.016885417,0.052954329
1/11/2022,Pit,0.158322917,0.012636939
1/11/2022,Pit + Char,0.063541667,0.01075
1/12/2022,Control,0.006802083,0.05410791
1/12/2022,Pit,0.1505625,0.012556406
1/12/2022,Pit + Char,0.054416667,0.014208333
1/13/2022,Control,0.00628125,0.05509417
1/13/2022,Pit,0.145927083,0.011995579
1/13/2022,Pit + Char,0.054104167,0.0128125
1/14/2022,Control,0.012020833,0.054677904
1/14/2022,Pit,0.143833333,0.011179602
1/14/2022,Pit + Char,0.058916667,0.008125
1/15/2022,Control,0,0.05721575
1/15/2022,Pit,0.140864583,0.010777116
1/15/2022,Pit + Char,0.0521875,0.0115625
1/16/2022,Control,0,0.058659851
1/16/2022,Pit,0.136395833,0.010686918
1/16/2022,Pit + Char,0.041520833,0.015770833
1/17/2022,Control,0,0.05878494
1/17/2022,Pit,0.132,0.010756835
1/17/2022,Pit + Char,0.033854167,0.017895833
1/18/2022,Control,0,0.058217671
1/18/2022,Pit,0.132104167,0.010300386
1/18/2022,Pit + Char,0.039416667,0.014416667
1/19/2022,Control,0,0.057710084
1/19/2022,Pit,0.132010417,0.010270634
1/19/2022,Pit + Char,0.0425625,0.0124375
1/20/2022,Control,0,0.05856601
1/20/2022,Pit,0.130395833,0.010671786
1/20/2022,Pit + Char,0.036770833,0.0148125
1/21/2022,Control,0,0.055439668
1/21/2022,Pit,0.130125,0.011236193
1/21/2022,Pit + Char,0.044395833,0.0105625
1/22/2022,Control,0,0.053162513
1/22/2022,Pit,0.1285625,0.010792236
1/22/2022,Pit + Char,0.046458333,0.009333333
1/23/2022,Control,0,0.056251322
1/23/2022,Pit,0.127364583,0.010717576
1/23/2022,Pit + Char,0.0383125,0.0134375
1/24/2022,Control,0,0.056917018
1/24/2022,Pit,0.12625,0.010575689
1/24/2022,Pit + Char,0.035104167,0.0148125
1/25/2022,Control,0,0.057037893
1/25/2022,Pit,0.126614583,0.010702189
1/25/2022,Pit + Char,0.036,0.01275
1/26/2022,Control,0,0.057968425
1/26/2022,Pit,0.122635417,0.011371507
1/26/2022,Pit + Char,0.0244375,0.016979167
1/27/2022,Control,0,0.058154464
1/27/2022,Pit,0.119135417,0.012185302
1/27/2022,Pit + Char,0.01625,0.019458333
1/28/2022,Control,0,0.056677604
1/28/2022,Pit,0.111916667,0.013512608
1/28/2022,Pit + Char,0.005104167,0.021854167
1/29/2022,Control,0,0.056155561
1/29/2022,Pit,0.1075625,0.013853832
1/29/2022,Pit + Char,0,0.024416667
1/30/2022,Control,0,0.056018208
1/30/2022,Pit,0.107364583,0.013656398
1/30/2022,Pit + Char,0,0.023895833
1/31/2022,Control,0,0.056488048
1/31/2022,Pit,0.110177083,0.013414676
1/31/2022,Pit + Char,0.001520833,0.022479167
2/1/2022,Control,0,0.057398242
2/1/2022,Pit,0.115822917,0.012502354
2/1/2022,Pit + Char,0.010729167,0.0196875
2/2/2022,Control,0,0.055532417
2/2/2022,Pit,0.106770833,0.013985137
2/2/2022,Pit + Char,0,0.022958333
2/3/2022,Control,0,0.052313421
2/3/2022,Pit,0.088052083,0.015503718
2/3/2022,Pit + Char,0,0.022645833
2/4/2022,Control,0,0.051069098
2/4/2022,Pit,0.077895833,0.013911431
2/4/2022,Pit + Char,0,0.018645833
2/5/2022,Control,0,0.052882125
2/5/2022,Pit,0.082979167,0.01288699
2/5/2022,Pit + Char,0,0.018416667
2/6/2022,Control,0,0.054924019
2/6/2022,Pit,0.090552083,0.013468847
2/6/2022,Pit + Char,0,0.020395833
2/7/2022,Control,0,0.057128514
2/7/2022,Pit,0.1005625,0.01317222
2/7/2022,Pit + Char,0,0.021833333
2/8/2022,Control,0,0.058788303
2/8/2022,Pit,0.10903125,0.013207319
2/8/2022,Pit + Char,0.000854167,0.0216875
2/9/2022,Control,0,0.060257468
2/9/2022,Pit,0.114125,0.012723909
2/9/2022,Pit + Char,0.011479167,0.017479167
2/10/2022,Control,0,0.061196529
2/10/2022,Pit,0.1151875,0.012704286
2/10/2022,Pit + Char,0.018166667,0.013333333
2/11/2022,Control,0,0.061447208
2/11/2022,Pit,0.113885417,0.012896168
2/11/2022,Pit + Char,0.018020833,0.013479167
2/12/2022,Control,0,0.061942391
2/12/2022,Pit,0.112895833,0.014117711
2/12/2022,Pit + Char,0.012395833,0.013895833
2/13/2022,Control,0,0.061548442
2/13/2022,Pit,0.111614583,0.014762583
2/13/2022,Pit + Char,0.0091875,0.014270833
2/14/2022,Control,0,0.061042689
2/14/2022,Pit,0.11059375,0.01555253
2/14/2022,Pit + Char,0.007708333,0.013958333
2/15/2022,Control,0,0.060710667
2/15/2022,Pit,0.106229167,0.014789833
2/15/2022,Pit + Char,0.004458333,0.014166667
2/16/2022,Control,0,0.059901508
2/16/2022,Pit,0.101645833,0.014496732
2/16/2022,Pit + Char,0,0.0135
2/17/2022,Control,0,0.058323762
2/17/2022,Pit,0.09859375,0.014825464
2/17/2022,Pit + Char,0,0.013041667
2/18/2022,Control,0,0.058840211
2/18/2022,Pit,0.098166667,0.014738814
2/18/2022,Pit + Char,0,0.013166667
2/19/2022,Control,0,0.058639145
2/19/2022,Pit,0.097302083,0.014885242
2/19/2022,Pit + Char,0,0.013395833
2/20/2022,Control,0,0.058318655
2/20/2022,Pit,0.096239583,0.015192328
2/20/2022,Pit + Char,0,0.013166667
2/21/2022,Control,0,0.051544124
2/21/2022,Pit,0.092989583,0.015955172
2/21/2022,Pit + Char,0,0.011270833
2/22/2022,Control,0,0.026519966
2/22/2022,Pit,0.089489583,0.015194318
2/22/2022,Pit + Char,0.006770833,0.0010625
2/23/2022,Control,0.054904762,0.00904764
2/23/2022,Pit,0.09477381,0.012768335
2/23/2022,Pit + Char,0.01997619,0.005309524
2/24/2022,Control,0.11915625,0.015688384
2/24/2022,Pit,0.112125,0.005230149
2/24/2022,Pit + Char,0.038854167,0.013270833
2/25/2022,Control,0.113114583,0.01673967
2/25/2022,Pit,0.120708333,0.007520708
2/25/2022,Pit + Char,0.040333333,0.002625
2/26/2022,Control,0.087520833,0.015155468
2/26/2022,Pit,0.114822917,0.011760737
2/26/2022,Pit + Char,0.028416667,0.012166667
2/27/2022,Control,0.069739583,0.013274876
2/27/2022,Pit,0.10765625,0.016020977
2/27/2022,Pit + Char,0.017854167,0.0203125
2/28/2022,Control,0.075520833,0.012772363
2/28/2022,Pit,0.110833333,0.015952811
2/28/2022,Pit + Char,0.029125,0.016625
3/1/2022,Control,0.074604167,0.012352422
3/1/2022,Pit,0.111135417,0.01649182
3/1/2022,Pit + Char,0.029979167,0.017104167
3/2/2022,Control,0.072645833,0.012490025
3/2/2022,Pit,0.1106875,0.016822651
3/2/2022,Pit + Char,0.028583333,0.018958333
3/3/2022,Control,0.067791667,0.012569886
3/3/2022,Pit,0.10875,0.018087853
3/3/2022,Pit + Char,0.023416667,0.021625
3/4/2022,Control,0.061541667,0.012709984
3/4/2022,Pit,0.106395833,0.017814847
3/4/2022,Pit + Char,0.0173125,0.022729167
3/5/2022,Control,0.059895833,0.011708179
3/5/2022,Pit,0.10784375,0.015498594
3/5/2022,Pit + Char,0.020479167,0.018520833
3/6/2022,Control,0.068520833,0.011156563
3/6/2022,Pit,0.10871875,0.014381655
3/6/2022,Pit + Char,0.028916667,0.015333333
3/7/2022,Control,0.063520833,0.011072239
3/7/2022,Pit,0.106677083,0.015438211
3/7/2022,Pit + Char,0.024625,0.016958333
3/8/2022,Control,0.049708333,0.011010609
3/8/2022,Pit,0.103958333,0.016515223
3/8/2022,Pit + Char,0.011520833,0.0251875
3/9/2022,Control,0.054677083,0.011369802
3/9/2022,Pit,0.105364583,0.015375596
3/9/2022,Pit + Char,0.0169375,0.0215625
3/10/2022,Control,0.051052083,0.011732335
3/10/2022,Pit,0.10340625,0.016232669
3/10/2022,Pit + Char,0.014645833,0.0218125
3/11/2022,Control,0.039947917,0.012119288
3/11/2022,Pit,0.100385417,0.017762404
3/11/2022,Pit + Char,0.001770833,0.026895833
3/12/2022,Control,0.04396875,0.01248277
3/12/2022,Pit,0.101395833,0.01642165
3/12/2022,Pit + Char,0.005645833,0.025645833
3/13/2022,Control,0.051770833,0.012601102
3/13/2022,Pit,0.11553125,0.009315977
3/13/2022,Pit + Char,0.034083333,0.011041667
3/14/2022,Control,0.070802083,0.013086787
3/14/2022,Pit,0.148708333,0.019132223
3/14/2022,Pit + Char,0.104229167,0.018520833
3/15/2022,Control,0.07,0.013458022
3/15/2022,Pit,0.148666667,0.019087897
3/15/2022,Pit + Char,0.1046875,0.017104167
3/16/2022,Control,0.065854167,0.013993411
3/16/2022,Pit,0.146447917,0.019281505
3/16/2022,Pit + Char,0.102208333,0.016708333
3/17/2022,Control,0.063364583,0.014353782
3/17/2022,Pit,0.145104167,0.019226255
3/17/2022,Pit + Char,0.100270833,0.015979167
3/18/2022,Control,0.061072917,0.014686021
3/18/2022,Pit,0.143927083,0.019227879
3/18/2022,Pit + Char,0.09825,0.015458333
3/19/2022,Control,0.057666667,0.014948532
3/19/2022,Pit,0.141770833,0.019281694
3/19/2022,Pit + Char,0.095125,0.015166667
3/20/2022,Control,0.055708333,0.01494468
3/20/2022,Pit,0.139020833,0.018597236
3/20/2022,Pit + Char,0.091520833,0.013854167
3/21/2022,Control,0.064552083,0.010650261
3/21/2022,Pit,0.134604167,0.015849266
3/21/2022,Pit + Char,0.093375,0.016625
3/22/2022,Control,0.069270833,0.011660793
3/22/2022,Pit,0.1355625,0.015847422
3/22/2022,Pit + Char,0.093270833,0.016895833
3/23/2022,Control,0.067645833,0.013070372
3/23/2022,Pit,0.1361875,0.01675958
3/23/2022,Pit + Char,0.092895833,0.0156875
3/24/2022,Control,0.066791667,0.013955877
3/24/2022,Pit,0.137135417,0.017286097
3/24/2022,Pit + Char,0.0930625,0.014729167
3/25/2022,Control,0.065427083,0.014909191
3/25/2022,Pit,0.1380625,0.017672312
3/25/2022,Pit + Char,0.0928125,0.013854167
3/26/2022,Control,0.062354167,0.015776749
3/26/2022,Pit,0.138260417,0.017941894
3/26/2022,Pit + Char,0.091208333,0.013041667
3/27/2022,Control,0.058104167,0.016609664
3/27/2022,Pit,0.13725,0.017846787
3/27/2022,Pit + Char,0.08825,0.012291667
3/28/2022,Control,0.0520625,0.017257492
3/28/2022,Pit,0.134875,0.017849543
3/28/2022,Pit + Char,0.083729167,0.0120625
3/29/2022,Control,0.05396875,0.014941159
3/29/2022,Pit,0.129302083,0.016918748
3/29/2022,Pit + Char,0.081854167,0.0129375
3/30/2022,Control,0.14309375,0.015746117
3/30/2022,Pit,0.144947917,0.01794066
3/30/2022,Pit + Char,0.100875,0.023541667
3/31/2022,Control,0.126447917,0.010898301
3/31/2022,Pit,0.151197917,0.019927221
3/31/2022,Pit + Char,0.108979167,0.025645833
4/1/2022,Control,0.113177083,0.008585581
4/1/2022,Pit,0.152479167,0.019689903
4/1/2022,Pit + Char,0.110791667,0.025375
4/2/2022,Control,0.10271875,0.007839211
4/2/2022,Pit,0.152875,0.019803863
4/2/2022,Pit + Char,0.110791667,0.024541667
4/3/2022,Control,0.092947917,0.007862688
4/3/2022,Pit,0.151822917,0.020034485
4/3/2022,Pit + Char,0.1089375,0.0233125
4/4/2022,Control,0.087375,0.008329218
4/4/2022,Pit,0.150864583,0.019717767
4/4/2022,Pit + Char,0.107145833,0.021770833
4/5/2022,Control,0.080302083,0.009117123
4/5/2022,Pit,0.149864583,0.019567439
4/5/2022,Pit + Char,0.104020833,0.019770833
4/6/2022,Control,0.072177083,0.010388857
4/6/2022,Pit,0.14703125,0.02054843
4/6/2022,Pit + Char,0.1,0.01925
4/7/2022,Control,0.068458333,0.010886794
4/7/2022,Pit,0.144583333,0.020540526
4/7/2022,Pit + Char,0.09675,0.0185
4/8/2022,Control,0.065677083,0.011279262
4/8/2022,Pit,0.142541667,0.01957029
4/8/2022,Pit + Char,0.093666667,0.017166667
4/9/2022,Control,0.0611875,0.011893693
4/9/2022,Pit,0.1396875,0.018823963
4/9/2022,Pit + Char,0.089166667,0.01625
4/10/2022,Control,0.052416667,0.013193297
4/10/2022,Pit,0.13440625,0.019522737
4/10/2022,Pit + Char,0.083854167,0.016229167
4/11/2022,Control,0.049729167,0.013341496
4/11/2022,Pit,0.131958333,0.018373559
4/11/2022,Pit + Char,0.080375,0.015125
4/12/2022,Control,0.099677083,0.007477191
4/12/2022,Pit,0.149947917,0.021406547
4/12/2022,Pit + Char,0.099208333,0.034291667
4/13/2022,Control,0.126666667,0.015712873
4/13/2022,Pit,0.175822917,0.027566037
4/13/2022,Pit + Char,0.128125,0.055875
4/14/2022,Control,0.112989583,0.010571302
4/14/2022,Pit,0.170208333,0.02578903
4/14/2022,Pit + Char,0.1251875,0.050854167
4/15/2022,Control,0.102666667,0.00766595
4/15/2022,Pit,0.16659375,0.024289477
4/15/2022,Pit + Char,0.1225,0.045166667
4/16/2022,Control,0.09384375,0.006525333
4/16/2022,Pit,0.164020833,0.023606183
4/16/2022,Pit + Char,0.118875,0.040958333
4/17/2022,Control,0.0873125,0.006218357
4/17/2022,Pit,0.1608125,0.023122213
4/17/2022,Pit + Char,0.115625,0.037333333
4/18/2022,Control,0.0818125,0.006719722
4/18/2022,Pit,0.158427083,0.022632016
4/18/2022,Pit + Char,0.111833333,0.033625
4/19/2022,Control,0.075135417,0.007587403
4/19/2022,Pit,0.15446875,0.022718565
4/19/2022,Pit + Char,0.1063125,0.030020833
4/20/2022,Control,0.069583333,0.008614947
4/20/2022,Pit,0.149885417,0.022671781
4/20/2022,Pit + Char,0.102041667,0.0275
4/21/2022,Control,0.065104167,0.009444917
4/21/2022,Pit,0.14696875,0.021815066
4/21/2022,Pit + Char,0.097229167,0.025854167
4/22/2022,Control,0.083989583,0.006532978
4/22/2022,Pit,0.145885417,0.02110479
4/22/2022,Pit + Char,0.1034375,0.031104167
4/23/2022,Control,0.150145833,0.026615149
4/23/2022,Pit,0.16696875,0.029467228
4/23/2022,Pit + Char,0.173229167,0.0380625
4/24/2022,Control,0.122864583,0.017013937
4/24/2022,Pit,0.158916667,0.026723339
4/24/2022,Pit + Char,0.160479167,0.033479167
4/25/2022,Control,0.11003125,0.012142901
4/25/2022,Pit,0.15578125,0.025108471
4/25/2022,Pit + Char,0.152479167,0.030854167
4/26/2022,Control,0.09896875,0.008562228
4/26/2022,Pit,0.153614583,0.024650252
4/26/2022,Pit + Char,0.1453125,0.0284375
4/27/2022,Control,0.089510417,0.00576353
4/27/2022,Pit,0.151541667,0.023724225
4/27/2022,Pit + Char,0.1381875,0.0253125
4/28/2022,Control,0.081892857,0.005250648
4/28/2022,Pit,0.147839286,0.02459385
4/28/2022,Pit + Char,0.132071429,0.024071429
